File,sadâ†’joy_%,sadâ†’love_%,angerâ†’joy_%,angerâ†’love_%,fearâ†’joy_%,fearâ†’love_%
pred_gemma_p1.csv,22.07,1.72,19.55,0.0,16.1,0.85
pred_gemma_p2.csv,35.17,6.55,35.34,5.26,27.12,2.54
pred_gemma_p3.csv,51.72,18.28,58.65,13.53,60.17,16.1
pred_ollama_p1.csv,25.86,5.17,33.08,3.01,32.2,2.54
pred_ollama_p2.csv,43.1,5.17,45.86,2.26,44.92,2.54
pred_ollama_p3.csv,39.31,14.14,44.36,13.53,40.68,20.34
pred_phi3_p1.csv,44.83,5.17,46.62,3.01,44.07,5.93
pred_phi3_p2.csv,60.34,6.9,66.92,3.76,61.02,6.78
pred_phi3_p3.csv,63.1,12.41,65.41,14.29,64.41,12.71
