text,label
i was feeling on the inside my face broke out really bad i had a rash on my eyelids that left them red and peeling thank you harsh pool chemicals and my mouth was i think experiencing some sort of allergic reaction to something i ate,0
i took several deep breaths feeling the cold air burn its way into my lungs and exhaling little clouds of vapor,3
i am feeling remarkably grumpy not to mention foolish,3
i sometimes feel i am being stubborn not out of spite but rather in spite of myself,3
i get the feeling that the few kids that i hated senior year are gonna be there,0
i don t really believe because i walked through all the water stops in my first marathon and i actually don t think that walking is bad but dammit i was feeling stubborn and i wanted to get home and needed to be motivated by something,3
i want to do is sleep and i feel so bad for the boy,0
i asked feeling utterly useless,0
im glad that peter doesnt feel threatened or concerned by my recent interest in decidedly egalitarian almost feminist christian blogs jonalyn finchers a href http soulation,4
i truly feel that if you are passionate enough about something and stay true to yourself you will succeed,1
im feeling quite agitated irritated amp annoyed,4
im not feeling exactly thrilled with standing in front of a mirror if you know what i mean,1
i feel really bothered about the lack of time i get to find inspiration,3
i feel its a weird turn of events which is marred a bit by a slightly weird prose,5
i always feel horny nowadays,2
i sincerely feel will benefit any relationship whether it is romantic family work or socially oriented,2
im currently in a phase of feeling very positive and optimistic about graduation though that tends to range on a daily basis between euphoria and deep deep depression so no bets on how ill feel about it tomorrow,1
im feeling generous or in a restaurant like the mandarin grill which has a fairly stellar reputation this impression may be extended to edible yet decorative garnishes like samphire,2
im feeling very sarcastic today,3
i feel those artistic yearnings in my music and i know that if i was to provide for a family and couldnt do so with the gift god has given me it would be very very hard,1
i was feeling a bit jaded combination of mixed up feelings not enough sleep and too many big screen presentations i think,0
i feel like its vital to keep this someday list active,1
i cause extreme worry and distress ground to remember fondly you forever mary prepares to feel unfortunate time eventuallythe intense emotion have sexual lovein condescend to come she by hand puts out strength wu mouth dont let oneself cry out,0
i just feel gassed and low energy,0
i couldnt help feeling charmed and amused,1
i feel honored by it,1
i feel i am not that sociable enough thus for friends wise i guess i do not miss most of them,1
i really want to go buy some yardage of art gallery just to play with because it feels so amazing,5
i feel romantic feelings in my soul and begging to god make u me ur love me ur feeling me ur soul me i wanna to hear the beat of heart by u for me ever if u wanna so otherwise i am nothing without u,2
i feel caring concern for ron and especially for his wife who i feel very close connections with,2
i was ashamed of my family and i was ashamed of myself for feeling ashamed,0
i do not feel assured,1
i just wanted to read books watch tv and feel miserable,0
i start to feel ugly unloved poor and unhappy,0
i feel pathetic i can t live like this anymore,0
i have a feeling that jeremy is not going to be too keen on the vinegary smell that calli is giving off right now,1
i feel that some violent natures are generic,3
i also tended to either attract drama or not know how to handle it before people got their feelings hurt or not really know how to prevent or deal with conflict in the groups,0
i could feel his breath on me and smell the sweet scent of him,2
i came to the place on base because i wasnt feeling like i should wander too far afield but now i wish i had been more adventurous as i have heard wonderful things about those salons,1
i hope you all make the time to play along i have a feeling this sketch will be a popular one,1
i guess i m a sucker for the grand and endless battle between apparent good and apparent evil and i m no different than anyone else who feels they have the divine gift of discernment in situations like this,1
im with you i feel like were always entertained simply because were content just being with each other,1
i know i would feel weird about that and probably act strangely for a few days,5
i met up with some friends to watch the hockey game and headed off to a local pub called pig and duke ate some parmesan truffle wings not sure how i feel about those and some prawn lollipops delicious but terrible name,1
i hope that you are all feeling festive and keeping warm,1
i can t understand why you keep hiding your feelings when he s so fond of you,2
i ached so bad the bones in my toes hurt to walk and i swear i could feel my liver aching,0
i lived off lemon bars for a few weeks and then this weekend ate and ate and ate and it was all horrible food and now i feel and look and am horrible,0
i feel so scared for him,4
i get scared i feel ignored i feel happy i get silly i choke on my own words i make wishes i have dreams and i still want to believe anything could happen in this world for an ordinary girl like you like me for an ordinary girl like you like me how are you,0
im feeling a bit distressed about it,4
i woke on saturday feeling a little brighter and was very keen to get outdoors after spending all day friday wallowing in self pity,1
i didnt feel terrible about slowing them down,0
i know if i go to crossroads or thrift stores i can find something roughly like what im wishing for if i search hard enough and theres no feeling quite so delicious as something awesome for a good bargain,1
i want to feel like a nurtured respected protected equal,1
i feel exhausted but i get my workout in,0
i feel very honoured that i evoke so much emotion in you that would drive you to put in so much effort for me,1
i feel like it is almost vital that if i do not find more answers about a href http quilting,1
i should be able to head shot someone at the other end of a football field because i feel threatened by them,4
i love being able to wear track pants in the day time with the cuffs rolled up with anklets and ballet flats i love being ridiculously warm and feeling smug as i see people struggling with bags with their big coats with pockets like these who needs bags,1
i love getting out the decorations and feeling festive i am happy to put them away,1
i feel like starting with my name is susanna but i dont want to be that boring,0
i do like riding on brooms but there is something about just sitting and holding colin and feeling the wind in my hair that is quite pleasant,1
i feel sorry for the poor guy who were told to leave by female passenger when they accidentally sit on area for women,0
ive been feelin cranky about my blog im feeling its still a bit childish for me already i dont know if its the blog itself the address or something else,3
i feel that the out of people that i encounter in the day that are rude and mean to me for no reason at all,3
i feel like i get more and more frantic with no clue which way to turn what direction my life is going or if i should even care,4
i was sitting on my rear feeling proud of myself for being on top of my game for once i realized that i shouldn t pass up an opportunity to share something i ve learned from the men in my life that get to celebrate father s day starting with my dad,1
i floated through the day with my head just below the surface feeling a little melancholy depressed and couldnt seem to bring it above the water,0
i feel benevolent enough to buy them some peanuts and other treats,1
i felt like i couldnt let myself believe the feelings i was getting from these men that the phone call had been a fake,0
i feel embarrassed for others that something so small makes them feel awkward,0
i actually just took a two hour break because i was feeling too pissed to keep writing,3
i feel rich in it,1
i really feel like this year will be a mellow one,1
i feel im not bothered by that,3
i prefer to feel valued than just save money i prefer to work with people i know personally,1
i feel pain even when i see an unfortunate person in street begging why does my mind race and think why is that person there,0
i am not working out the amount i would like to i feel like my lifestyle change has been successful so far,1
i am is cornish and i feel so insulted and hurt to know that people my own age dont see what i see dont understand how much cornwall is important to their lives,3
i had been feeling fabulous and full of energy but easter weekend wiped me out and i havent been able to recover,1
i came across this picture of a diy twiggy candle holder and now im feeling all festive and creative,1
i can t help but feel appreciative of artists who produce such quality work,1
i got a bit caught up in the moment and forgot that at the core of the rude comments and silly songs were the real feelings of a beloved and brilliant comic actor and a very sweet and big hearted young woman,1
i went with one of those because honestly i was feeling very sentimental about family that morning,0
i saw him on galaxies magazine i feel curious why this singer is so famous,5
i sat with dave atell at first trying not to feel rude while the guys were eating,3
i always feel rushed on the way to visit no comments,3
i feel very peaceful about the whole situation,1
i have keep posting up sleeping pictures when i was feeling exhausted like as of right now especially after lunch getting stuck in the office in midst of the rain nice air conditioning,0
i believe a publisher editor should bless his products with as light a hand as is possible and i feel that having my artwork on any of my chapbooks would strike one as being a little self aggrandisement and vain,0
im just gonna end here cause i feel stupid lying on my bed typing non stop for the past mins,0
i guess sometimes you arent aware of your true feelings until a playful kiss exposes them,1
i am feeling a little uncertain as i am waiting to hear from my land lady to confirm a date and receive my contract,4
i only find him when im feeling troubled,0
i don t feel like i m being pressured to do anything and i don t feel like making love to my husband has any connection to the assaults and rapes,4
i feel only love yesterday it brought tears to my eyes to hear him say that today i realize that it was why it was so special to be with them i was surrounded by love,1
im feeling relieved yet painful but something inside me is creepily numb i feel like a ghost in the hallways the way i used to just dont tell me its only another time to succumb,1
i know how that feels weird right,4
i know exactly how she feels because i hated it so badly i got so depressed i was cutting myself when i got so low i started thinking about suicide i did run away to nyc the farthest place from them where they wouldnt be able to find me,3
i do not see or feel the need to respond to any of your ludicrous questions concerning anything,0
i feel all slutty for some reason oh wait i know ive had like guys talk to me about sex and stuff one guy dave was like,2
i actually have been in china for some time and i feel that the people were quite friendly,1
i think about myself personally when it comes to investing i feel like i would fall into the investment category of getting greedy i think id invest into a bombing market like coca cola in the s,3
i wake up ill feel really really mad,3
i dont know if i should feel dismayed or pleased that he tells me that they have just taken on new staff first time in years,0
i could feel her eyes on me hot on my skin,2
i don t always feel joyful and i quite often throw prayer out the window,1
i still have that feeling to you until now ya the feeling to loving you,2
i still feel like im damaged goods and that affects everything that i do in my life,0
i can but i feel massively uncomfortable doing it it consumes massive amounts of processing power and i associate it with some very bad situations ive been in recently,4
i just feel more dazed and alone in the end,5
ive always been feeling restless and dissatisfied with our relationship,4
i am sharing information that i feel is important to personal safety and empowerment parenting and living well,1
i live in between my moments of sun sometimes i feel like a doll on a shelf or some perverse performing puppet,0
i am feeling very confident as of late,1
i asked darren about it when he got home as i was feeling a bit curious even though it didnt really matter and it was really none of my business,5
i didnt expect to feel so disheartened about his departure but i really really do,0
i should feel thankful or totally pani,1
i am just feeling that i really want to treat my parents nicely and i did it somehow as for him i need to be more generous as don t get jealous easily rawr i am a person with strong possession,2
i feel dumb for even liking you,0
im feeling very grumpy this week but its not just my annual outbreak of ptpt pre te pouhere tension there has surely been a great deal to be grumpy about this week,3
i feel more content with what i have achieved and i know if i don t write today there ll still be a tomorrow,1
im feeling in my heart to make my list of things that i am thankful for,1
i was warming up starting feeling a little lethargic,0
i walk out of the studio feeling exhausted soaking wet with sweat and with a startling clarity of focus and quiet inside,0
i didnt feel too needy i didnt feel too emotional,0
i had coped for barely twenty four hours before i was feeling wrung out and distraught,4
i would feel fearful of being killed by other mistresses,4
i feel useless and worthless,0
i began to feel strange i thought to myself here it comes,4
i feel inspired to get back to my indigo pot,1
i still feel funny writing that like maybe i should call her my spirit guide or really observant cheerleader or something,5
i feel very much the tragic side of life but my endings are always happy somehow,0
i feel really wonderful about myself and love the life i live,1
im just now realizing i didnt have a diet coke today and that makes me feel proud regardless of the other junk i consumed today,1
i feel triumphant and even thought it may be just a fleeting moment i am enjoying the power of motherhood,1
im living alone while waiting for my license test and english speaking test im feeling more relaxed hibernating without any fresh air,1
i had grand plans of baking through my two days off but i mostly ended up just curled up on the couch pouting about not feeling well,1
i am normally very able to express how i feel particularly when im excited or happy,1
i might also write a bit about science if im feeling particularly energetic,1
i can not drop this class because then i lose the financial aid for not having enough credits plus i feel like a quitter and im too stubborn for that,3
im a little tired of writing about these things and feel like these solemn posts are a bit too much for this home school family blog,1
i cant help but feel that i need to be delicate,2
i feel like they have been more than generous and completely understand that things change i mean days off unpaid,2
i feel uncontrollably agitated and i have no idea why,4
i feel proud to have carried out this struggle as today i feel myself to be a real human being,1
i first held my scotty i knew i was in love with my high priced bundle of joy but i couldnt help feeling apprehensive about what the time to come holds,4
i head out feeling brave again,1
i think i have a right to know if my neighbour can t see if i m feeling envious or embarrassed or can t tell the difference between the don t walk guy from the walk guy,3
i also feel hopeful when contacted by new congregations and then devastated when they choose another,1
i loved the feeling i got during an amazing slalom run whether it was in training or in a race,5
i mean is that when we are true to ourselves and our style and we see a reflection we like in the mirror all of the ugliness in society that is there to make us feel ugly or inadequate based on our looks suddenly becomes completely annulled,0
i feel for this little pound lovely is truly a gift,2
i always feel stupid afterwards,0
i had the most amazing run this morning and im feeling so determined these past few days,1
i feel more and more stressed,3
i was feeling pretty good about the day ahead but that then took a turn for the absolute worst when i suddenly realised i have a dreadful fear of water i can t stand in,1
i mean not one i feel that it is my duty to help all of our loyal readers of hb understand the world that is going on around them,2
i didnt feel gloomy,0
i was feeling restless no one was home and it was sunny outside,4
i feel like a lot of men are royally fucked up and go through life wreaking havoc and end up destroying themselves in the process,3
i feel frustrated and can t see a way to save it,3
i think this is really great having been in situations where i feel overtly threatened in a public place where everyone pretends they don t see what s happening,4
i just wish i didnt feel like my roommates hated me half the time,3
i had awesome workouts and feeling amazing,1
i feel grumpy i m going to dig out my xl mens pajama s grab a bar of chocolate put my favorite chick flick in the dvd player and treat myself not like a failure of some kind but like a person who is feeling grumpy who maybe just needs some time to herself,3
i don t know what to feel as in i am not sure should i feel sad cause it is ending or should i feel glad that it is over and i can move on,1
i can t help but feel considerate towards others,1
i am feeling a bit discouraged but am hopefull the bees will know what to do,0
i dont want her to beg at my feet but a how are you courtney or a hows your new project coming courtney would give me some affirmation that i dont feel like a submissive slug,0
i feel that phrase implies a calm orderly procession in which i would remove the refuse from my,1
i just remember feeling really dazed and amazed that it had all happened little did i know if you are about to have or have just had surgery then good luck i m sure i ve had the bad luck for everyone,5
i have done so in hopes of being inspiring while at the same time looking for solace from people rather than god and for proof that maybe i can do something good while i feel so horrible,0
i feel so heartbroken and confused and just blah blah blah,0
i started to feel a lack of connection to my husband i m sure as a direct result of not spending much one on one time together,1
i would very much like to come back here at a quieter time perhaps or if im feeling a bit brave then maybe during the night,1
i almost feel confused and out of character when i honestly say actually things are going pretty well,4
i am just feeling a little irritable because mun was part fun part stressful part uncomfortable making and part horrible but regardless record being set straight now,3
im so full of feeling i can easily believe i must be sentimental,0
i just remember spending hours trying to bump my score above the mark and feeling frustrated by the questions they were a mixture of professor generated and usmleasy ones,3
i guess but it feels like the most unpleasant joke youve ever heard,0
i apologise as a tank if we have a big pull and it all feels messy,0
i feel this is doubtful,4
i feel but i m not convinced that twitter is the best tool for this,1
i am still feeling gloomy and down,0
i feel like im being a terrible person and that hes going to hate me for thinking these things,0
i cant tell you how many times in the four months we have been seeing each other seriously that we have had to have serious emotional talks because one or both of us was feeling tender,2
i feel jealous becasue i wanted that kind of love the true connection between two souls and i wanted that,3
ive been feeling the desire for a romantic interest even with my circumstances i feel as though im emotionally ready for a special someone in my life,2
i go to little tiny andover and take a walk at night i feel absolutely terrified,4
im feeling less grumpy after that,3
i do love making them feel welcomed and excited about starting high school,1
ive been soo excited for him to feel and it was amazing,1
im feeling much devastated,0
i feel honored to have that kind of support,1
i feel the less successful pieces were my two front covers as the images i used here were taken from movie stills,1
ive been boring for few weeks and feeling a bit gloomy cause of the rainy days,0
i am a runner probably i would really feel far more safe in the title,1
i was feeling a bit casual and put on a plain tank top with loose bottoms i got from zara,1
i feel a little damaged,0
ive struggled mightily through today and even though i feel cranky and tired and unmotivated still i really am not going to be going to sleep before eleven thirty,3
i do feel blamed for everything i,0
i feel fearful and then actually do that one thing it usually turns out to be a good thing,4
i feel permanently unimportant and i feel stupid,0
i am emotionally engaged because i feel that i supporting my own beliefs and values when i support them,1
i feel horny and asked her to show her cam and she show me and asked her to show me her body and we do a great cyber sex that day,2
i feel like crap for being ungrateful,0
i will close my eyes and recite the following mantra every day and whenever i m feeling unsure frustrated or shiftless with my progress towards my top body,4
i am known for letting things go when im not feeling good,1
i don t feel amazing or good afterwards then i m not pleased,1
i am feeling a little nostalgic about it,2
i met people from every corner of the globe so now when i am feeling restless and my finances will allow me i am can pick a spot see people that i really care about and have an adventure with them in their homelands,4
i am happy to see that he is off with hopefully a good job but i can t help feel a little greedy,3
i hope i am not like that and i feel inspired by the prestige of others,1
i will admit that i do feel a little envious when i hear of young writers who do so well,3
im starting to feel content just being and not talking,1
i want to feel all year long that lovely warm tingle that october brings,2
i am sitting here feeling a bit grumpy moanday blues anyone else feeling this way too,3
i need to see in the wild before i feel completely satisfied but for now i can say that at least we fulfilled the whalentee,1
i don t want to feel annoyed resentful or angry at the fact that he s already had the experience of having and raising kids,3
i get that sick feeling like the one you get when you hear that someone passed away and youre shocked and lightheaded and i realize hes really gone forever,5
i suppose i feel too trusting sometimes,1
i feel treasured,2
i never feel like im not supporting,1
im feeling defeated or doubtful,0
i feel like im alone in missing him and because of that i feel a bit foolish for missing him as much as i do,0
i think he was feeling fond of and possessive of harry and then when harry grabbed a bit into the grabbing and then angry with himself and frustrated,2
i really feel like everything is so worthless,0
ive noticed this week that im not the only one who struggles with feeling a little depressed after mothers day,0
i am older and my life is very different i can feel how amazed i was that morning,5
im feeling totally lame for not posting anything in forever and not even checking this blog in forever,0
im not crossing things off ever growing to do list i feel like i keep making stupid silly mistakes in all areas of my life amp im just tired,0
i want to feel respected,1
i feel like you will be completely satisfied with the results,1
i was ready to go if need be and fortunately tim was feeling ok and feeling well enough to go,1
i feel for my sweet boy,2
i stumble upon such a finding i feel quite excited almost like having accomplished a discovery,1
im feeling especially honored as my picks feature alongside some of my favorite designers like diane von furstenberg rodarte and jason wu,1
i feel reassured when i listen to waldmans songs,1
i am feeling clever i see something like this and realize,1
im feeling a little regretful but itll pass because thats what happens with regret,0
i guess i am just feeling slightly shaken at this sudden news,4
day i received my te score and acceptance into my chosen course,1
i am running at an approximate minute pace which i feel is quite acceptable,1
i just cant contain my joy but right now i feel troubled,0
i feel very lucky to have had some alone time with my little one but i am also anxiously awaiting the return of my guys,1
i feel no need to work up acceptable conversation fodder,1
i cannot help but feel proud and grateful to be an america,1
i didn t feel smug as i added the hardships of the last five years and rounded off the sum to a nice even number,1
i feel really strange about this,5
i feel vulnerable and alone,4
i feel loved because i programmed my computer to tell me it loves me,2
i wanna scream out my feelings that i keep until it bleeds the life is sometimes prejudiced it kills happiness thus it becomes even worst feeling like the life is now meaningless why should i be the victim,0
i normally associate with a tough workout moving from side to side in bed has become more of an effort my sleep is pretty interrupted and uncomfortable in general although much better with the aid of a benadryl and there are times when i feel like i could never be energetic again,1
i feel really discouraged and hope is the only thing i have to hold onto,0
i feel that will make you even more caring,2
i know if ive been feeling quite nostalgic these days and have spent a huge amount of time looking back and remembering,2
im pretty happy but a little on the nauseated side to feel thrilled,1
i cant do either of these things so i end up trying my hardest to suppress these feelings which makes me irritable and is very tiring,3
i feel like i know i m troubled and that s why i give myself an excuse,0
i do do what i do it always feels worthwhile as soon as i step foot in that stadium wherever it might be in the world i feel at home,1
i feel more clever,1
i have begun to feel really burdened for the women in our slums particularly my mamas in kina,0
i want to stop taking it one day but also feel terrified that lots of feelings of anxiety panic will come flooding back,4
i think even as christians our trust and assurance in the lord is weak when we feel the most helpless,4
i and feel quite ungrateful for it but i m looking forward to summer and warmth and light nights,0
im currently feeling way fucked up with the mother tongue paper,3
i remember when i started feeling homesick,0
i have to admit that while the story itself was interesting in their portrayal of the well known biblical story i came away feeling a little disappointed with the end result especially considering the names involved,0
im also feeling brave enough to publish my thoughts about them again too,1
i feel like i wouldnt have a longing if only we could have a baby and have that new experience together,2
i have turned that page i feel like there is no way of getting back my irresponcible years of carefree college,1
i feel aching andangry,0
i feel like i have way to many questions and things going on that are un resolved,1
i have a feeling he wont be thrilled but i think its ultimately my decision,1
i say i only sort of knew him and i don t want to make it like i m personally devastated by it i m certain those who were close with him are feeling devastated and i don t want to appropriate that or disrespect that grief,0
i feel a lot of pressure but i am determined to finish them so that i can visit my sister in may with a clear conscience,1
i feel bore and restless,4
i had been chained up well time was hard to gauge i had been flogged pierced cut blind folded had hot wax put onto me and deprived of light and sound for periods but never did i feel abused,0
i feel agitated i become easily overwhelmed,4
i feel welcomed and loved,1
i think the ideal preparation for birth for anybody not just me puts you in a place where you feel confident in your knowledge in your caregivers in your support system and in your body,1
i feel special now its just fun to say lol amvassago of the i just cant stop laughing when ever i read something and then i see beefy amkris toshibalol amits an epic word so is beef cake amvassago of the nooo,1
i have a feeling there are a lot of pissed off people in sea org in hollywood where scientology has become the monster that devoured wa wonderfully sleazy bohemian area,3
i feel like ive reached the point where we are doing more emotional damage than health fixing especially since you know we arent cathing,0
im really feeling very disheartened by it,0
i have a good feeling about im determined to make it the year i succeed,1
i am so happy because i finally feel like i m doing something that i am compassionate about,2
i feel on the verge of tears from weariness i look at your sweet face and cant help but tenderly kiss your cheeks,2
i actually feel quite scared to get back to exercising because i feel like ive lost so much strength and condition and put on so much weight,4
i am sorry to hear that the assessment procedure conducted by atoshealthcare left you feeling humiliated and poorly represented,0
i feel like i ve always been jaded towards the classic movies but then when i actually sit down to watch them casablanca the great escape etc,0
i cant tell if the moments of shock that im not feeling are because im jaded or if lovecraft actually missed the note to use a musical analogy,0
i wrote deepika feeling very discouraged and thinking this silhouette just would not work for me,0
im feeling it now my soul cries it aches for your laugh that sweet melodious voice it pains my dear,2
i lay myself raw and bare and let the enemies attack me for feeling so emotional over something they feel is silly because i want to be honest with myself and others,0
i feel spiritually invigorated if physically tired,1
i feel like i m too mellow in my regular life so i have no use for drugs that make me feel even more mellow,1
i feel rotten for that but i was so mad at the whole situation i could have thrown a temper tantrum myself,0
i feel pained just thinking about it,0
i feel ashamed that my two bags look like theyve erupted exploded natural disastered all over my hosts spotless stylish living room,0
i could feel how exhausted my arms and legs were,0
im also feeling pretty paranoid a lot and no i dont take drugs,4
i guess this is exactly what being feels like longing to go on adventure but at the same time feeling like you want to settle,2
i feel a satisfied calm while recording a dream that i presented it like the higher message in which it was intended to be,1
i feel that i am so stressed out at work what i do is i escape,0
i once read that when we feel nostalgia we are actually longing for heaven,2
i don t feel like i m unsuccessful when i fail at reaching a goal in my freelance writing career,0
i am now in cyprus seeing my timeline so visibly and i ask myself why do i feel so stressed at home when i could feel so relaxed like i do now,0
ive been feeling more emotional now perhaps because the physical ailments are subsiding,0
i feel foolish and desperate almost for feeling so strongly about this,0
i look around at the people around me and i feel almost slightly envious about how they have a way of motivating themselves sitting down and studying so hard,3
i feel like i am being deprived of oxygen,0
i refuse to feel guilty,0
i get frustrated i either put him down or give him to todd for a break as well because again i want him to feel peace and calm feelings not frustration,1
i am a bit of a romantic so i really feel like we missed out on those things this time but i would not trade the family time we spent together,0
i lie down he feels my belly listens to babys heartbeat gets mad at me for sitting up without rolling onto my side first and then tells me theres some protein in my urine nothing to be worried about though and asks if anything is bothering me,3
i feel it s my job to give him all the tools he needs to be a successful person,1
i was an year old girl who just wanted to feel important,1
i feel however i have something far more precious than feelings,1
im not feeling very glamorous at the moment to sat the least,1
i feel a bit more energized today and less grouchy,3
i began to feel shaky and nauseous and yearned for my connection to cairns to make up for some of the deprivation,4
i just feel awful and unlovable and thoroughly sorry for myself,0
i feel embarrassed if anyone were to stop by and see the state of my house enough that i wish i could pretend we werent even home when someone does stop by,0
im feeling a little groggy with a mild headache after a non wild and crazy evening,0
i changed i feel that im taking advantage of her this wouldnt have bothered me one bit before,3
im not constantly horny or always feeling playful,1
i actually feel insulted when the plot goes off on a tangent like that,3
i feel im not sure if ill do this again or not,1
i must say that the initial splash was not too bad but after a few strokes you could feel the cold getting into your bones,3
i feel a cold coming on or drink a little extra xango juice when i am stiff and sore,3
i want him to become more fully himself and that is the joy i feel when like yesterday he says with an excited whisper mama,1
i feel its important to share this info for those that experience the same thing,1
i don t know this shit happens but every time i find out about yet another secret makeshift graveyard full of women s bones i feel that enraged impotence just like it was the first time,3
i have just been wandering around santa cruz and thinking about this being the last time in a while that i m seeing all those meaningful streets squares shops caf s where i have spent so much time with my friends makes me feel almost heartbroken,0
i think also i have changed obviously i am making more effort to go to things and make friends i feel less shy and less bothered about peoples judgement of my appearance,4
i feel foolish for how much i ve analyzed this one solitary choice to go or not to go,0
i cant describe how im feeling without giving it away but in a way im feeling a bit heartbroken but definitely touched,0
i feel sentimental i close my eyes and look up i feel powerful if i do that,0
ill be thirty next year and im feeling positive about my life and the choices im making and the things that im putting out there into the world,1
i cannot speak for others but all i know is i feel i am the most successful prettiest version of myself when i walk out of my starbucks with my red cup holiday cup in hand,1
i can t imagine any reader feels lethargic calm and content after reading it,0
i drew this because i feel hated,0
i feel remorseful for the crimes that were committed intentionally or unintentionally and whether or not i had known about it or not known about it,0
i start to hate the fact that whenever i post anything it would eventually end up with me writing about how lonely i feel because i have no romantic partner whatsoever,2
im not quite sure how she really feels about it because im pretty sure that she realizes that she is going to miss getting to watch the parade which is something she really enjoys,1
i feel he is loyal to his staff to a fault,2
i really didnt feel like going out at all but roger was very keen so we all went off to the big noise where my mood lightened slightly,1
i also feel fairly confident about how i made a realization realization made with the help of dr,1
i feel so blessed that we were privileged to go,2
i feel like my life is practically perfect in every way right now and i am every so happy,1
i started thinking about which spaces made me feel most creative and what characteristics they had,1
i feel so calm with the routine rinse wash with detergent rinse take outside to line dry,1
i might have folk over soon if im feeling brave,1
i just got up from a nap feeling really rotten so exhausted that i feel like i could just wilt onto the floor just sitting here,0
i can feel accepted,1
im not emo ing no no no haha i am feeling happy instead for being able to meet up with them,1
i have been in the advertising world for over years and left nyc years ago after working as a creative director at some of the best agencies in the world feeling discouraged demoralized and questioning everything that i thought i love in the world of creativity,0
i begin to feel a dull ache in my left side,0
i hope he makes some friends and feels welcomed,1
i can usually do a month without feeling homesick,0
id better settle for glasses of iced water for now and press those on my cheeks to feel its delicious coolness,1
i will learn to express my feelings in a way more acceptable,1
i feel restless in my own pursuits,4
i feel if not resolved soon enough will have a damaging effect on all the hard work my girlfriend and i have put into our relationship,1
i am sure im not alone when i say i am feeling drained from the events of the past week,0
i feel pretty tortured because i work a job and often the inspiration strikes while im at work,4
i watched the snow fall and accumulate on the conifer trees while i was shoveling in my shirt sleeves and feeling vigorous,1
i told him that if he touched me with a needle i would punch him feeling a little hostile in the midst of my pain,3
i will take care of the flashback of swingsets and telling the tiniest of white lies for the sake of feeling free for several hours arriving home late after staying out past curfew to watch some horror movie well sort of,1
i think it goes back to never feeling accepted when i was growing up a learned internal diatribe i need to let go of,1
i feel for him but the thing is he is so popular and entrenched in this gerrymandered district that he would totally be reelected as an out gay man,1
i wonder how they would feel if someone was screaming at them and then saying horribly rude things behind their back later,3
i always end up feeling unwelcome and sad,0
i hope that one day i feel some sort of divine inspiration and motivation and that these fasts will come easy for me but for now they are on my back burner something i hope to focus on after i am done having and raising children,1
i feel extremely fond of comes an avalanche of anxiety,2
i just repeat it again and again until i feel myself become less afraid,4
i feel very confident that its a good one,1
i feel so virtuous writin my morning journal like here i am in a jane austen novel which is aided by the fact that mr gs computer is on a kinda,1
i can walk down another street and stop feeling helpless and hopeless,4
i went to bed one night with my stomach in knots and woke up the next day feeling fantastic,1
im feeling so popular today haha,1
i feel there is going to be a sequel and i would have liked to have had the closure of this book ending,2
i suppose we all feel a little inhibited when it comes to picking up the phone and calling someone we re not very close to anymore,0
im not sure your going to feel so gracious in return,1
i was okay with it but still little have feeling for that my brother was more amazed he like mihm but he wasn t going to get playing time,5
i am feeling a little intimidated by the riders in central park right now and i dont want to go,4
im feeling really festive this year usually i dont get in the mood until mid december,1
i shaved some of my head yesterday and i am feeling very keen on such things also it is very good for refrence as far as comics go,1
i feel incredibly sarcastic right now,3
i feel your frustration but it s time to calm the hell down,1
i close my eyes i can hear the pitiful wailing sounds of my own cries taste the salty taste of my tears and feel that anger and hurt saturating my heart,0
i feel transcendant and splendid,1
i feel like parts of me that were repressed and buried for so long are just now surfacing,0
i was actually happy to hear this because id been feeling unnaturally exhausted lately so hopefully this will help,0
i have seen you fall asleep climbing back into bed before you were even horizontal and now i am awake and my neck is cramped and i am feeling hostile and cheated,3
im still feeling a bit stunned by an experience i had tonight while watching a movie,5
i feel really comfortable in them,1
i also feel the sidebar is messy,0
i feel a little awkward about this but im going to share a poem with you,0
i feel dirty and don t know why,0
i feel that this reality is tragic,0
i can t even feel outraged by it,3
i hope you can feel that and will take the time to feel tender about your life for a moment,2
i promise to respect my personal boundaries acknowledge that i am a perfect and divine being and that i have the right to say no when i need to without feeling guilty,0
i don t like feeling like an eager schoolboy waiting around for hours just to touch the shining alumninium,1
i was thrilled to have that outcome but because i was feeling so crappy i couldn t even celebrate that until i started feeling better which mainly seems to have occurred with an increased dosage of my thyroid replacement hormone and supplemental estrogen,0
i couldnt help feeling shamed that we didnt take care of him sooner but who would have ever guessed,0
i feel that this community s most beloved living our lives gold or silver nest as their grass nest long time ago our house is divided now called the commercial housing,2
i just feel very cheated and quite frightened that i was invaded like this,4
i am thinking about md who was there for me through my teen years offering guidance and support and making me feel special making me feel like i matter,1
i feel i am shy and i am afraid of keeping my point of view,4
i was still feelin kind of irritable and funky from the day before but so it goes,3
i feel irritated that he either interrupts my quiet time or wakes me up,3
ill admit to feeling a little paranoid and wondering about how many others had defriended me,4
i just feel drained by most of the gameplay i do,0
i feel discouraged that im never going to get on a good schedule because another big life change is going to happen again,0
i feel the divine presence merge into mine,1
i empathize with the feeling of being dissatisfied not where i want to be but no i dont feel that way,3
i do that i d feel regretful,0
ive this bad feeling that im being hated,0
i feel like such a noob when the customers make really dull and stupid jokes that im supposed to find funny,0
i know i know you have looked at these pictures and are likely not feeling too sorry for us,0
im feeling relaxed,1
i feel privileged to meet true heroes male and female yet by the masses unsung the world is full of heroes of heroes old and young,1
i just say the things that i want without even thinking what the person would feel its rude right,3
i feel so un smart yo,1
i know im not in the best place of my life still dealing with the infertility issue but i feel i have a lot to be thankful for,1
i feel a little sad about it but christmas is hardly on,0
i feel a little pained but that will probably pass the last illusions of childhood,0
i know that i feel awful when i ask my husband to watch audrey just long enough for me to take a shower,0
i tired of hearing of these unique communications special feelings and how sincere you are,1
i feel so virtuous,1
when i knew about my first job,1
i feel submissive in front of sexy girls,0
im feeling pretty paranoid and trying to cover the cash and protect my belongings it definitely felt like i was doing something i shouldnt be doing like money laundering or something,4
i remember feeling disheartened one day when we were studying a poem really dissecting it verse by verse stanza by stanza,0
i dont know how else to word it i miss feeling respected by a guy and being able to hold a guys hand around the mall knowing hes all mine,1
i got separated from the man i loved,0
i remember feeling shocked by the emotions because after all i was pregnant too and at that point we had no reason to think anything was wrong,5
i feel too bitchy to do something like that to my family because theyre going through the same shit i am,3
i crave as i fall into submission and i did not feel submissive in the least,0
i get through feeling weepy about it sometimes i get resentful about it,0
i feel times less bitchy,3
im feeling playful and humorous,1
i men zhu said is snapbacks cheap i also feel here too dangerous at present for the sake of under the door of safety since see or leave this green lotus temple first wholesale obey snapback hats,3
i think i would have been feeling less grumpy if i hadnt been up and down throughout the night or my lungs deciding that even though i wasnt that unwell it felt as though something was sitting on my chest and flattened me,3
i have a feeling itll be a little more messy going home though,0
i feel reluctant to go overseas one interesting fact is how the whole education system is so screwed up that to us ip seems so wow cus only a few schs get to go ip but to the schs,4
i can feel an unpleasant pressure from it,0
i feel thrilled to be able to investigate my own personal mythology around this subject,1
i feel very clearly now and am reassured that in leaving we did the thing that we needed to do the thing that god was leading us to do,1
im not feeling pissed off about picking up those toys,3
i dont like about coldstone is i feel like everything i get is waaaaayyyy too sweet but i think that choices does a good job of making delicous creations without giving you that creaminess overload,2
i started to feel like i was going mad as i was sure i could see stars floating in the water but whenever i went to grab one i came up with nothing,3
i feel very numb at the moment,0
i would really love to be with him but not as a friend and not because he feels guilty or sorry for me,0
i feel pleased too that i am supporting people with small businesses who work from home buying gifts that have been made with care and talent,1
i guess this is because that im feeling really excited about it,1
i feel hated helping prevent gay,0
i can still recall the feeling of peacefulness her tender smile and warm hands,2
i feel as if i could speak volumes and be ignored,0
i don t feel particularly elegant though,1
i feel it is worthwhile to give you all a more in depth city sized if you will look at one of our cycle days,1
i feel soo lonely,0
i feel discouraged and realize face palm that i need to look at things with a different perspective to be grateful about anything i can find,0
i always feel a bit personally assaulted,0
i hate feeling empty and numb,0
i feel divine in more ways than one,1
i don t really like to have the same kind of music all night but i do want all the bands to feel like they played with someone they liked,2
i love gives me a great feeling of contented accomplishment,1
i feel like i m superior to the human race rel bookmark permalink,1
i feel and i was amazed to find out where papamoka shows up,5
i can feel all supportive and jrock ish in school tommorrow,2
im feeling my loving heart is all yours for the stealing reach out your worn hands for you im ready a href http,2
i feel like im being punished for existing,0
i would have to get off and walk the hill which always made me feel terrible,0
i see my favorite person suffer and there is nothing i can do to take the pain away i feel useless,0
i feel so excited to have made time to blog again,1
i was feeling brave so continued and it wasnt me that couldnt stand up,1
i have found myself fighting back as he wakes me from my sleep time and time again feeling the hurt and sting of my own abandonment to my first love,0
im sober i feel that sort of numb much like when i was on celexa but none of the calm,0
i was feeling creative i see you alternate version of me,1
i feel may be vital to fiction itself,1
i returned home feeling invigorated and wanting more,1
i feel extremely privileged to live in a country where a vote is legitimate and matters,1
i havent been like that lately and i am seriously feeling depressed about it,0
i don t know what it feels like to be in love so i m starting to get scared that i don t actually love him,4
i am feeling more pain and hurt than i did before,0
i was feeling too agitated to read and it was too hot out to walk,3
i feel incredibly relieved,1
i have tried to see what it would be like if i liked one of my girl friends but it has never really worked and i can only ever feel an emotional connection to them because they are my friends,0
i still need to brush my teeth but i have already taken my pills showered and eaten breakfast so i am feeling virtuous for a moment or two,1
i feel dull many of a time headache many of time insomnia,0
i learnt that expectations of people are not always met and may leave you feeling immensely disappointed most of the time,0
i dont want to make a bad impression with my new co workers in both my job or my lab simply because i just feel so insecure and agitated all the time,4
i feel like im not being loyal to my boyfriend even though i have not acted on my feelings for this guy,2
im thinking that feeling extremely cold yesterday was more down to me brewing something than the actual weather,3
i feel like we may be coming to the point in the tv series where the show is incredibly popular but sadly the writers are coming to the end of their story lines and soon there will be nothing left to keep the plot a float,1
i feel so extremely disappointed by you you took me for granted,0
i feel like i am abandoning him in a way but he is so supportive of the move,2
im feeling a little apprehensive as we come near the time we go back to mayo clinic,4
im feeling generous heres a holiday classic for you iframe allowfullscreen frameborder height src http www,2
i could be feeling this way from the cold medicine ive been taking for this chest sinus cold,3
i did not really want to die but i wanted out of the pain that i was experiencing and that i was allowing others to experience by watching me and feeling helpless to do anything about it,0
i had a feeling that was going to happen once i accepted the job offer because life likes to throw you lots of curveballs,2
i feel like i m on the receiving end of a violent attack,3
i do feel that i need to do something more productive with my days not having the stress of exams has made me feel like i dont have a goal which im working towards if that makes sense,1
i have a neutral feeling about two broke girls because while i like kat denningss deadpan delivery and a href http media,0
i feel like watching equilibrium or something equally delicious and playing the sims and generally being lazy,1
i can feel it and look with eager anticipation for what is to come,1
i feel charming i feel whimsy,1
i do not know if i already hurt their feelings which may lead to their violent reaction may turn into a bad outcome,3
i feel rewarded and useful and valuable anyway,1
i would estimate that when i speak nepali i feel about as intelligent as when i speak english with german i feel about as intelligent and with spanish i feel about as intelligent,1
i still feel a little bit funny when i discover his fb damn it,5
i do feel quite happy,1
i feel we have ignored the talents achievements and skills our our female politicians instead seeking moreso than male politicians to concentrate on their pasts,0
i feel the cold more than him,3
i could feel myself hit this strange foggy wall,4
im tired of feeling like damaged goods for being a victim,0
i feel i m so emotional and messed up that i can t even think about writing in this blog and so i get out of the habit and months go by and comments go unread and suddenly i forget how to do this,0
i feel like damaged goods because every time i start to really like someone i get hurt,0
i don t want anyone to feel inhibited if their bodies are not typical ballet bodies,4
i might hold a sense of satisfaction at feeling superior and giving advice,1
no description,3
i guess no matter how much i think im feeling ok im as nervous as hell on the inside about the scan revealing something i dont want to know again,1
i didn t allow myself to feel the emotional depths of my sorrow,0
im not feeling quite as jolly though,1
i regret it because i feel shitty that i cant enjoy things if im alone i ended up seeing my brother afterwards who was in baltimore with his new girlfriend and wanted to see me as well as introduce me to her,0
im about to go look for him again when i start to feel calm and think that his phone probably died,1
i had been feeling suspicious all day,4
i feel their pain their suffering,0
im worth something on those days when i feel less than acceptable as a human being,1
i feel as though ive reached a point in my career where im highly respected there,1
i feel as though marjane had to live a very rushed childhood not so much for what was happening in her surroundings but because of her eager need to know everything,3
i think i feel more depressed knowing im not anywhere near or close to where i should be,0
i feel more so lately than ever that life is so precious,1
i feel so blessed that i am able to leave there,1
i also know that i feel nothing than a friendly affection to them too,1
i am ruining her feeling and was disturbed a href http membres,0
i want to feel happy,1
i feel check the wonder in all that you see you ve got to get loving unconditionally,2
i feel sad donna summer dead at a href http jtwoo,0
i was feeling pretty terrified full of nervous energy,4
i feel guilty for protecting myself when instead i should put more effort into supporting those around me,0
i feel that barker is successful in showing the horrors of world war one,1
i feel as if i havent blogged in ages are at least truly blogged i am doing an update cute little post today,1
i already feel sleep deprived and short on time but if i really want to become a person that i can be proud of i need to start investing and stop paying the minimum amount on my credit card,0
i feel like im not as stubborn,3
i may finally sit down and feel sweet release only to notice i have misplaced my glasses or that the kids have found a unique place for them,1
im not being fair to xia by doing it this way if he feels frightened by the work i do it that his fault,4
i feel his hand on me to stay faithful,2
i find it may be a way for me to release my feelings so that i am not troubled when i face the one who has punished my family,0
i feel freakishly optimistic which really runs against my natural character,1
i have been so busy i feel like i have free time at home,1
i am feeling only slightly lethargic and overwhelmed by my new surroundings,0
i felt like id developed feelings for this guy thus explaining why id even follow this guy like a faithful puppy dog and he never knew,1
i cannot begin trying to understand how it must feel to be surprised by an earthquake or see the devastating pictures live to escape from a tsunami,5
i feel very vulnerable about sharing things that i write but i hit the publish button anyway,4
ive come to appreciate in the uk where the general lack of chilli and other spicy foods usually leaves me feeling somewhat appalled,3
im feeling artistic here are a couple of drawings i did in the dust on ms car after it rained a couple of months ago,1
i feel awkward around them rather then loved i can feel them not wanting to be near me so i let them go i no longer ask for hugs or for comfort,0
i was feeling like i said humour gets me through im one of those people who even if i spoke about my issues no one would be too bothered or would care that thought was in my head and wasnt true that way of being like i dont want to burden you sort of thing,3
i dont know why i feel joyful that people went to my blog today and saw one of the entries,1
i was feeling a bit disheartened until one of our black belt instructors at the dojo richard and i own asked why let anyone else set your destiny,0
i didnt feel like explaining to her that im genuinely curious and want to learn and understand and at least have some idea of what people are saying to me,5
i want to enjoy this and feel successful,1
i feel like i m really doing something worthwhile,1
i feel pressured to talk to them,4
i then had my watch from am this morning but was feeling just fine so did an additional hour so my dad could rest a little longer,1
ive posted a blog and i feel like thats unfortunate,0
i feel now i am not giving all of me to christ and i want to be devoted,2
i got the feeling watching it that only from starting out by making hats for his school friends could one develop such a clever use of resources train tickets doc marten soles barbies and shattered mirrors to name a few,1
i feel like a boring blogger lately,0
i feel empty again,0
i told him i was feeling unloved and underappreciated by the kids,0
i feel its an amazing resource for families traveling to orlando,1
i feel invigorated when something is refreshed,1
i also feel paranoid and anxious,4
i will feel shy and won t be able to talk to her,4
i really cant count the number of times i cried feeling overwhelmed by someones expression of concern or just by the very fact that they were thinking of me,4
i feel try to tell me im ungrateful tell me im basically the worst daughter sister in the world,0
i were not told of this news i would not feel regretful rather be unable to quiet my heart now,0
i told him that i was willing to do whatever it took for me to not have to feel this horrible every day,0
i decided to actually paint this piece in a common canvas because painting in canvas make me feel very artistic,1
i could feel the muscles in my arches ankles and calves working to support my stride and i felt so much more graceful,1
i can feel the pain and remember that im in here thats when i can relax a little and breathe normally and calm myself down,1
i feel very distraught right now,4
i am feeling bitchy cross whatever,3
i didn t feel like i was being bitchy at the time but upon retrospect why wouldn t he think that i was trying to shake him off,3
i was feeling awfully indecisive this morning when i started to think about what i wanted to do to get my heart pumpin,4
i am beginning to feel that theres a good chance i might pass,1
i feel like many times when i m generous with whatever i feel like i ve kept track of things i ve given them or given up for them and have a tally of what they owe me,1
im only and that most people havent exactly settled down yet but the other part of me feels like i missed my chance,0
i have realized from this past week is that it is ok to feel heartbroken,0
i really dont like quinn because i feel like she will just end up hurting barney and i hated the lame ted robin storyline,3
ive found it im feeling pretty pumped,1
im gonna stop him from bugging me and get a license yes feeling very very determined right now insyallah by end of next year,1
i am feeling remotely dignified tasteful or comfortable,1
i feel that because pencil skirts are so elegant they look their best paired simply with minimal colours to complement the chic structured design,1
i have nothing but respect for not only jerry sloan but the utah jazz as a whole i feel wronged that we were forced to stomach this series,3
i dropped back to sleep for an hour or two and had very realistic peculiar dreams which are now stuck in my head making me feel a bit dazed,5
i appreciate the award i feel there are so many wonderful blogs out there that we are all winners,1
i expect ou to win but i feel there strongest competition will be a pretty talented and experienced ok state squad,1
ive been doing hour weeks and ill get paid for the extra time but i am starting to feel a bit abused they are putting a lot of pressure on me to look after both kids and do all of the cooking and cleaning,0
i want him to feel emotional pain,0
i it did not feel the positive contribution of these innovations may still be worth considering the adjustment of the economic and financial structure of the whole society and improve labor productivity,1
i do jogless stripes even though its ridiculously simple to do i feel like i have super powers and have to oogle a while over the magic of it all,1
i would put them and their feelings before mine which is why i said it is mad,3
i am allowing myself to feel these things and not be bothered,3
i feel is hostile kinship or mounting nausea did you know that back means the binding itself,3
i feel myself becoming vicious once more,3
i was entertaining myself with this memory while at the same time feeling like that guy in that movie dazed and confused who says i just keep on getin older and the girls stay the same age,5
i could feel her eyes boring a hole in my neck as i quickly stepped to the side so i wasn t in the way of her son anymore,0
i feel shocked that you d stoup to destinys child b,5
i feel successful in balancing my paid work and family life or i am satisfied with the balance i have achieved between my work and life on a scale of to,1
im feeling that longing urge to create something again,2
i also reply to most comments so please feel free to share your thoughts and let s talk,1
i am just feel so shy cause i realized those people behind me just didnt dance and look at us gt,4
i should feel like there is much to do sure because there is but not so much that im overwhelmed unhappy and not enjoying my time with my family,1
i feel very honoured to be part of our fabulous team,1
i feel as though i am going to be victimized,0
i just feel for my hubbie all this rubbish is really starting to knock his confidence in the people hes supposed to be trusting his heart to,1
i feel is strange rel bookmark november a href http eagleandhammer,5
i do know what it feels like when no one seems to be supporting your vision and just admiring it from the outside when you not only invest your time but your personal money that should be feeding your family and still not seeing anything,2
i feel guilty i wont be able to give this little one the same amount of time with just me,0
i feel so horny just thinking about this,2
i do feel a bit guilty about the mean things ive said about jahmene as i heard his brother committed suicide so i think that abuse by their dad must have been pretty hardcore,0
i feel so eager to prove to my friend that im not like that,1
i feel so tortured,3
i can easily feel quite pressured by routines and i really noticed the difference while i was away,4
i feel very very virtuous,1
i did not feel in the least smart,1
ill add special sea shells and some sand for a beachy feel but for now i am loving my eggs,2
i feel so rejected and unwanted,0
i feel that he was desperately fond of me,2
i know i haven t posted anything for months and i feel kind of guilty big thanks to the exams tests and assignments and all but so far so good,0
i feel like we are a creative home truly painting while they are in there making music,1
i do feel more special than i did when i was single,1
i barely even feel like explaining the weird history of shadow dancer the not really console port of the arcade sequel to shinobi even though there was already a console sequel to shinobi thats a totally different game the revenge of shinobi,5
i feel stupid img width height src http voicesfromkrypton,0
i feel dumb after that,0
i do however feel that some people would not be so shocked right,5
i still feel like i got hit by a car i walked away only shaken up and not seriously damaged,4
i was already packed didn t want to wait around for her to talk to her friend was feeling irritable tired and eventually gave up on trying to go in the first place made me feel more down about my situation,3
i notice that i feel a little apprehensive even to share all this,4
i loved it and it made me feel very elegant when i wore it,1
im feeling doubtful about all of the patterns and colors working together but we cant be sure until everything comes together,4
i feel shaken open as though my heart were broken into and there are no words to speak,4
i seem to have lost all sense of direction and feel doomed to get a crappy education and a dead end job when i used to feel destined to shine,0
i remember frequently feeling surprised by the statistic that of the population are hsps given that i almost never came across anyone who was an hsp,5
i didnt want to feel outcasted as the uptight religious mormon girl nor did i want to feel like i had to remind everyone i did not drink smoke or wear short dresses,4
i feel hurt and i decide not to say that i am hurt but instead make up a story that takes the other person off the hook for being rude mean or unkind to me,0
i did not feel any emotion or was deeply saddened or stunned for that matter,5
i dont want to wax them off and draw them in or anything i just need to not have a unibrow and maybe get rid of the few spare hairs creeping down toward my eyelid if im feeling brave,1
i was feeling a tad bit nostalgic and decided to watch a classic starring bruce willis in the old flick titled monkeys,2
i feel freaked like im not safe anywhere i run,1
i rarely feel hesitant to say something sometimes even too much,4
id love to know in the comments i feel like its a funny thing but i always love reading about how people schedule their days,5
i feel frustrated or the world around me lies shattered i just go and walk in the rain so that no body could see my eyes full of tears this is the delivery system of justice as conceptualized by our courts which we are learning the hard way,3
im sure he remembers what it feels like to have a delicious pregnant wife,1
i actually feel pretty good,1
i feel about him and how he affects me and people around me this is my story i have been trying for years to find a way back to the life i had before being in a long and very violent relationship,3
i just naturally feel like i m a better player,1
i feel neglectful but i shouldnt,0
ive never in my life had anyone make me feel as unimportant as insignificant as you did,0
i have a reminder of the joy and peace i feel in his arms i am tortured,3
i know i have been affected by it and the importance of beauty is embedded so deeply in me that i don t think i will ever stop feeling inadequate in some ways for not measuring up to society s narrow and unattainable view of beauty,0
i feel so terrified to tell her,4
i feel about this band perhaps i m too distracted by the hardcore dancers flailing around,3
i receive every month make me proud and feel appreciative,1
i feel like when you re passionate about something it s okay to be vocal about it as well,1
i could point to incidents in my childhood or blame my upbringing but that contradicts the notion of being aware of how i m feeling in the moment and choosing between intelligent options now,1
i feel so beaten down by the constant anxiety and frustration of looking for word and being constantly disappointed,0
i feel like i dont honestly know which bits of the dt that i admired are the results of ccs own wit,2
i ended up feeling really proud of the final product,1
i needed to feel rebellious,3
i feel they are frightened of fats,4
i know killing myself solves nothing but the hopelessness and sadness is destroying me slowly and i feel like being selfish might be a good choice,3
i took a shower and feel a little more relaxed but the pain is coming and going here and there,1
i cant help but feel suspicious of everything,4
i could feel how much slower i was on the treadmill but the pace was pleasant and after six days of relative inactivity i was just happy to be running again,1
i will look better and better to him in time and he will feel stupid,0
i wake up every morning excited about breakfast rather than feeling like i cant be bothered,3
i was on the phone with one of my best friends the other day and i told her i don t feel successful,1
i am feeling ok my incision is sore that is expected and i have some neuropathy in my fingers and toes that is a residual of chemo that ive been told may take a year to resolve if indeed it does,1
i disagree with my parents on many issues and will sometimes let them know my feelings in unkind ways,3
i always feel so inadequate,0
i feel like people are taking these stages of life way too lightly which is why there is usually an unfortunate announcement of a divorce too,0
i suppose i m feeling a little sarcastic about today s holiday,3
i feel very mislead by someone that i really really thought i knew and liked very much so,2
winning a rowing race at a karapiro regatta with other friends,1
i thought i was ready for commitment for a relationship with someone but when it happens i just feel numb,0
i never stop feeling thankful as to compare with others i considered myself lucky because i did not encounter ruthless pirates and i did not have to witness the slaughter of others,1
i feel like i am being one person whom his life will be very miserable and not doing the best,0
i feel smart yet comfortable in it i feel good when i wear it,1
i have been asking myself some difficult questions in an attempt to understand why i feel this strange push and pull between different aspects of my life,4
i need to reflect on why i feel irritated,3
i know it s best to support low arches and the footbed of these feels supportive without feeling too high,2
i am feeling emotional about something or other positive or otherwise,0
i can sink into the stillness to feel the gentle hum of that light there is pleasure in contrast,2
i can break myself out of having this dream as it leaves me feeling groggy and disoriented and i dont like it,0
i feel subaru stops being that innocent being we were presented to in the beginning and begins to turn into the depressed young man of x who also kicks ass,1
i am suggesting is to create a happy environment to live in with your partner the man has to feel like his feelings are just as important as yours,1
i put forward to all their social diktats make them feel i am rebellious towards their authority,3
i feel hot when i walk to the market in the sun,2
i didn t take the time to count the money partly because the cashier was already ringing up the next customer and i was feeling a bit rushed and in the way with the next person in line crawling up my back,3
i already feel impatient and cancel hyundai tucson last year waiting almost for seven months,3
i feel utterly devastated that she must go through this and do so alone,0
i am in italy and i feel as useless as i could possibly feel i need to occupy my time not to get crazy,0
i am missing some very important information or anything please feel free to post comments below because even though i have been interested in the style for years i have only been wearing the style and officially in the community for about a year and a half,1
i cant help but feel that it is somewhat special,1
i was feeling cool that night and she got it right,1
i was feeling apprehensive about my life as a student i felt like i couldnt succeed wouldnt succeed could never succeed,4
i stopped feeling a little awkward,0
i am feeling fairly virtuous,1
i feel loved by family and smiled at by friends,2
i gave my honest opinion revis told reporters in the jets locker room adding i feel that people let him slide when he says smart remarks on certain things,1
i have been feeling rather lonely,0
i feel a world class player in the benzema mould would be fantastic,1
i love reading i feel positively rich when the house is full of new books learning new things and as the pain is relentless i can t really pace myself i spend my days pottering from job to job depending on how stupid i feel like being,1
i didnt feel the stress i was under at telstra was worth it and with out thinking i just resigned,0
i feel fine about that,1
i know is that it s better for me as a teacher i feel the lesson is more pleasant that the language work is less artificial and it feels good that what i teach is closer to what they need instead of what someone else who is not even there thinks they need,1
im feeling somewhat optimistic that in i wont be that damn coward,1
i was feeling melancholy on a cloudy rainy lonely easter sunday,0
i had an epiphany that i should feel proud of myself img src http expansiveperspective,1
im tired of feeling like im worthless and like there is no future for me,0
im spending every day waiting to hear from you and feeling like an idiot for caring,2
i was feeling pretty anxious all day but my first day at work was a very good day and that helped a lot,4
i am presenting here a few that we have managed to find which really clean your hair really leave it feeling lovely and really really won t irritate your skin,2
i feel pretty weird blogging about deodorant but im a bit of a deodorant snob and find it really hard to find a good one,4
i am feeling blessed that i live in america have a wonderful family and that dorothy kelsey was a part of my life,2
i embraced feeling thankful that the middle wall of partition had thus far been broken down,1
i could be really screwed just on waiting for a sitter so i was feeling stressed,3
i am afraid of my emotions because certain people cause me to feel assaulted by feeling and i just get hammered by their waves as if i am an tempestuous ocean raging and only god knows why,0
i do know the main reason i feel like i m losing myself unsure if i ll ever get those pieces back but i m not quite ready to talk about that just yet,4
i guess i sort of believe him but deep down i just feel unsure about the unknown,4
i think i am starting to feel jealous,3
ive been feeling delicate this week,2
i feel less keen about the winston churchill quote really i feel less keen about the winston churchill quote a href http www,1
i feel cranky and annoyed when i dont,3
i feel so blessed and honoured to be sharing my knowledge on my two absolute favourite topics in this life,2
i feel irritable and unfulfilled if i dont paint for several days,3
i feel a little apprehensive about all of the grue activities this weekend,4
id rather have no one know how i really feel but then again sometimes i can be compassionate and sometimes i can be beautiful,2
i feel defeated but its okay hahaha my mid term holiday was good,0
i feel like a snob but i ve been a bit skeptical of it from the start because i have no idea who kenny werner is and neither does thomas a musician who gave me the book,4
a girl entered in the division where i work and greeted everybody but not me,3
i just feel so hopeless sometimes,0
i enjoy all of these aspects of my life it is hard at times to not feel completely overwhelmed,5
i begin feeling remorseful for not being more selfless and spreading the gospel,0
i always seem to have some kind of life upheaval or additional work stress that makes it hard to feel thrilled about the upcoming holidays,1
i understand that but its so nice not to feel like the weird one,4
i love that refreshing energizing feeling when its been a week of gloomy weather and then a really great blue skies no clouds in sight kind of day,0
i cry at the feeling of the suffering of mankind as i have to let go and let the pain flow,0
i do not even feel any of it it is just students being passionate and hardworking about their own personal project,1
i was feeling cold and wet most of the time,3
i just have to be sure i still remember to keep feeling excited and enjoying what i am already doing along the way,1
i was feeling particularly vulnerable in a specific area so i began to talking to my friends and interestingly enough there was an incredible understanding of my struggle,4
i may feel stress unhappy,0
i actually started this about hours ago and got distracted and now the flow is all odd and my roommate is here so i feel very rude just typing away,3
ive had a dry spell of inspiration and just this overall sense of feeling that i have lost touch with all the little things ive always loved,0
i feel like if you can t admit that you ve always been a little bit weird or a little bit quirky it s just taking yourself too seriously,5
i sometimes feel shy about my musical taste because some of it wanders towards what some might call techno slander,4
i feel what its like to be popular,1
i need to manage my spending money more wisely but im feeling uncertain and stressed as of late,4
i could feel that the person was pissed at me because that person didnt understand what i was trying to say and so there was further personal attack again asking me whats my nationality giving me that shit face and blah blah,3
i feel really inspired,1
i get it crumble but thanks for feeling the need to tell me that im the one who is fucked up,3
i actually put forth the effort and stick to a routine though i am busier i feel less stressed and more fulfilled at the end of the day and am better able to enjoy the simple moments of motherhood,0
i thought having a well respected and recognized mother of autistic boys would be the perfect guest blogger with a message i feel passionate about,2
i had a quarrel with my father,3
i was tired of feeling helpless and wanted to take control of the situation,0
i didn t sleep well the night before and am not feeling half as brave as i was yesterday,1
i was going crazy thank god i have a craving for fruits and chocolate it made me go out in the cold with a gross wind blowing in my neck feeling mad and angry and crappy,3
i feel very unfortunate to have only in the last couple days have even discovered that seventy times seven even existed and hearing the twosongs together brought somewhat of a closure to a certain part of my musical life,0
i feel like i m so distracted by silly things like twitter that i can spend an entire evening with the kids and not actually hear a thing that they re saying,3
i feel a tranquil and eloquent charm his praise array delights me thought of legard but he loved me not,1
i have been feeling listless and loopy,0
i can only feel rejected and tossed aside and hurt for so long before i get enough guts to just pick up and move on,0
i feel i m being truthful,1
i feel like i should mention that i wasnt fond of the damn shapeshifter in the first place,2
i feel and yet your still hesitant to tell me,4
i feel dirty and cheap just talking about going this far,0
im starting to feel that some of them are so fake,0
i could compare john fullbright to a lot of people to try to give you some reference points but i feel like that does him a disservice as soon as you think oh hes like fill in the blank suddenly hes not,0
i feel really greedy but i like hogging him,3
i feel a bit funny actually,5
i feel a bit naughty like ive snuck into my parents room snooping for christmas presents or something,2
i just can t feel accepted,2
im feeling sad so i can remind myself of how i am talented and good at things and also see things that inspire me all in once place,0
i guess the finality of my decision and the financial repercussions have me feeling doubtful,4
i mentioned in my last blog that i have started to get the feeling that i have been pressured into studying things i do not like which has also made me into a person i might not fully be,4
i feel vicious and sleepy,3
i have not done any hill training but am not feeling apprehensive about it at all,4
i am feeling generally morose and didnt stop for my jamba juice today so i am going for a frappucino later,0
i pray that they will continue to be giving confident happy god fearing and feel loved,2
i feel awkward speaking to a native now,0
i can t take medication because its triggering i have to be really at the point of i can t stand what i m feeling anymore just so i can get past that barrier but medicine has me afraid of vomiting,4
i realized that clothing is made in all sizes and i do not have to look like a model to feel more acceptable to myself,1
i fared pretty well and was feeling quite pleased with myself that the journey went well,1
i can control is me and if people feel that i wronged them i will try my best to fix it but some people you cant make happy,3
im feeling more outgoing and happy since being off the medication,1
i kept having this strong feeling of moving into something i stayed and i was punished for not stepping out when i should,0
i couldnt feel more blessed at this time,1
i feel so disturbed i have been having difficulties sleeping,0
i have a feeling that there will be plenty of football watching and that we will be indulging in many delicious eats this weekend,1
i can think about is how lonely i feel im all grouchy and agitated and esily airritated,3
i realized now that i lived my whole life loving some ppl who now i hate the most cause they alll have changed they all became veryy tough ppl after i got used to feel their tender touch in my life,2
ive been feeling distressed,4
im feeling gently hesitant about posting these photos because this time the race slapped do not copy on every picture,4
im listing some reference verses to look up and read to remind you when thoughts and feeling of rejection haunt you that you are a beloved child of god,2
im clearly influenced by the dash happiness of emily dickinson for example and i use dashes instead of colons or semi colons to enhance the feelings of rushed enjambment in the sonnet,3
i walk away from church feeling invigorated and ready to embrace the week,1
i felt this was my next step and i dont want to be doubtful but i feel dumb keeping a hope for so much money to come through in such a short time,0
im feeling adventurous i might even make it multiple tiers too,1
im starting to think we may need to have to put a big sign on our door telling them so at least that would save me from feeling rude,3
i discovered this song called bring me flowers by hope and as beautiful as it is i cant help to feel melancholy whenever i listen to it,0
i do love life and i do love to laugh and i enjoy the funny side of things because honestly if i dont look at the funny side of things i would spend the majority of my life feeling pissed off over the stupid things that people do,3
i am a christian and appreciate the points but i do feel it would be rejected by those who do not believe,0
i awoke an hour after feeling groggy,0
im feeling like life is fairly sweet,2
i feel more valuable today doing what i am doing than i ever have before,1
i feel guilty leaving an f,0
i should somehow feel hesitant about that,4
i feel like i am not alone,0
i always feel pressured to socialize or i get eight missed calls and some texts from my host brother in the span of an hour,4
i begin to feel uncomfortable internally feeling nauseous light headed and experienced shortness of breath,4
i just want to share and i feel like its not socially acceptable to do so right now,1
i kinda feel like i dont ever want to write again until i can make a character more beloved than harry potter because otherwise what is my story going to be to anyone,1
i was feeling relatively indecisive and not very hungry until we walked past a barbeque place,4
i feel that it is dangerous to portray angels as walking the earth and intermarrying with humans,3
i feel gentle hands careess me with tender care across my curled shoulders and pulled towards embrace the sun reaches towards my searching face,2
i went to training feeling very disheartened,0
i already feel the atmosphere around it seems dangerous,3
i used to work he feels so needy and this just screams for attention so to please him i felt obligated to give him some,0
i feel hated but i don t care,3
i had a quarrel with my parents i was convinced to be right,3
i feel little comes from my divine center,1
i feel very uncomfortable around people with down syndrome,4
the patient whom i expected to get well suddenly passed away after he showed had his meals,3
i feel soo disturbed by it,0
i got back to my desk i just sat there and cried feeling so humiliated,0
i feel slightly emotional watching it,0
i feel like time is precious so they were dead on with saying i would be interested in time saving devices i m always looking to save time,1
im continually feeling triggered im not sure if people are insensitive or if im selfish most likely the latter,1
im going to be after the birth of this baby feels shaky,4
im honest when i say a part of me feels tortured as though this is part of the system of function in your life the one that allows you to order and manipulate people in such a way so that they are lined up and positioned to serve their prupose when you should need them,4
i was tired sore and didnt really feel like makin the mile trip to church i was ecstatic to be there and enjoyed every minute of it,1
im feeling adventurous and successful in my quest so far,1
im now on day two of the plan and im feeling positive,1
i mean already as a parent from the moment the iolani left my body i can tell you i feel like im constantly fearful for something horrible happening to her thats out of my control,4
i feel a radiant and grounded presence of truth beauty and goodness,1
i was i admit very worried about feeling isolated i work in a cubicle pretty much on my own unless someone needs me,0
i feel pressured when people say im going t beat you or whatever,4
im stressed angry upset to the point where im feeling numb but one more bad thing is sure to set me over the edge,0
when i learnt that i had been accepted at the medical school,1
i made the stupid mistake of saying i was fine the next day the last time my headmaster punished me and it only served to make him feel he had not punished me hard enough,0
i was impressed with how dunham portrayed hannahs whole experience from trying to deny that its happening to feeling offended when you feel like someone is trying to minimise the distress its causing you,3
i feel alone so marginalized by my wacky core beliefs that are shared by a tiny percentage of the u,0
i am feeling pretty homesick this weekend,0
i do feel sorry for you,0
i would buy it again because it makes me feel pretty and the smell is divine,1
i feel like texans are some of the most friendly and genuinely kind people you will ever meet but i still have my issues of old attitudes that just don t change nearly quickly enough for my taste,1
im feeling a little melancholy tonight kinda like the paint on this door,0
i drove dannika to school i was feeling a little bit rushed and this is what greeted me as i turned the corner,3
i feel so very honored that they asked little ol me,1
i feel as if i am on hold somehow that ive been given a time for contemplation consolidation and it is a most curious feeling,5
i stood up to you i finally stood up to you and now i feel like im being punished if i could go back and do it again,0
i remember feeling hair and being confused my kids dont have hair at birth but not having the presence of mind to really process what i was feeling,4
i am feeling horny so i ask her that lets go home,2
i don t think that i have to feel entirely wonderful about my wife dating someone in order to go okay that should happen,1
i so desperately want to be able to help but i feel so helpless,4
i cant help but feel hopeful and optimistic about a brighter future,1
i hear that bird i know that all is well and i feel safe,1
i feel calm with her,1
i think about it i feel a little ashamed of myself because ive been blogging regularly all year and it hasnt been that much of a struggle,0
i was asked to comment about how i feel about receiving this award and all i said was i feel very embarrassed to be here right now,0
i naturally didn t know any fightstar songs they were catchy enough that i could feel like i knew what was going on and they were quite lively and they preformed fantastically well,1
i lie in bed my legs are in constant motion i feel i am out of control as they have to be shaken or tapped or just doing something,4
i feel those moments are very precious even to share,1
i was cleaning up the place and about minutes in i started feeling paranoid and what i can only assume is the beginning of a psychotic episode,4
im an organised person so i feel more assured of myself when i pre plan,1
i sympathize with this person but i also feel a bit skeptical the theme is loss because everyone looses,4
i prepare i feel thankful that these events touch upon so many different concerns in my poetry from language issues to pacific aesthetics from the avant garde to eco poetry,1
i feel offended if you question my results as unfair saying that i am lazy and all so why,3
i feel that the life issue and posts like this one will just be met with violent and angry rhetoric,3
i went to a lecture and once again it had been cancelled,3
i feels acceptable even desirable,1
ill take my gfathers ute down to get a load of shit or as some would prefer manure but im feeling hostile so let me have it and will attempt a version of a home made compost,3
i feel after venting to a notebook is amazing,1
told by some people the class leader only choose his friends not true,3
i usually end up sitting at my desk feeling like i m at work but just doing unimportant tasks or browsing the internet,0
i have some great friends and great housemates who have listened to how i feel and reminded me that its so unimportant and i should enjoy my life and be proud of myself,0
i was feeling like a shocked rat in a skinner box experiment,5
i didnt feel terrified,4
i try not to make anyone feel uncomfortable,4
i feel i was successful in doing that for the waxing moon it s quite a bit different than the hidden sun,1
i kept feeling love for the divine and others who were there with me my crew fellow runners volunteers passersby,1
i remember the same giddy feeling of contented good fortune lucky lucky me here safe in our cozy home watching my fabulous man head off for the day knowing he ll be coming home to me in a few hours,1
i feel no remorse about doing this it was unsuccessful and a learning process for me in the development of this blog,0
i attempt to convince others of what they should think and how they truly feel i become resentful when others will not let me help them,3
im still contagious and while i am desperately wanting to cuddle him id feel rotten if i let my selfish physical wants get him sick,0
i think for myself i feel everyone is greedy but in their own little ways whether that is going for the good or bad way thats another issue because usually you link both together but right now im trying to separate both issue separately so we can see the sole topic more cleary,3
i was really feeling crappy even after my awesome week of workouts,0
i am going to add some photos from today and again thank you all for your dear support when i was feeling overwhelmed at different moments,4
i don t want you to feel pressured into making love,4
i feel eager and anxious and antsy in regards to it,1
i love being around people and i naturally feed off of their energy but i feel all alone in the world,0
i stand here i feel empty a class post count link href http mooshilu,0
i feel so glad that im able to have the time to spend some time with my family now,1
i can help but feel sympathetic,2
i say walking away and shaking my head feeling a little dazed to get the drinks,5
i would even say are important as far as how my significant other feels about anything and that the rest have been ludicrous,0
i was able to guess or pick up on a lot of the plot twists in this episode from the first hints we were given and whether thats moffat using really obvious foreshadowing or me having a solid grasp of his narrative logic im not sure but i like it it both builds suspense and makes me feel clever,1
i do find that this question puts me right at the edge of bringing the love of the dharma into the world an edge that i feel is vital and necessary,1
i have definitely felt the stirrings of spring and although i expect more winter weather in march i feel assured that the seasons are changing,1
i feeling shy,4
i feel there is no excuse for lame invitations,0
i feel sorry for the rest of us in second life who understand that without more support for first time users our world will continue on its slow death spiral,0
i spend a lot of time feeling disappointed with myself for not doing a better job at attaining my goals,0
im not sure why today i feel so horrible,0
ive to admit im feeling excited yet so unprepared for the surgery,1
i had to sacrifice my comfort so he wont feel unwelcome,0
im taking this to heart and feel that the gentle age of is the perfect time and place to engage in some fearlessness and wholesale change,2
i justified in feeling slighted or am i just being ungrateful,0
i feel hated in cempaka,0
i still feel a bit overwhelmed,4
i murakami but the first that i feel captures what makes him so beloved by his fans,1
ive had where i feel good enough to work the whole shift possibly the whole day,1
i feel a lot more contented just having re lived a few moments of that trip through these photos,1
i reread for comfort the familiarity of a book whose plot i already know is easier to deal with when im feeling stressed than a new to me book with all its unknowns,0
i also know that if today i refuse to hate jews or anybody else it is because i know how it feels to be hated,0
i think about the book i wrote that i feel like i ve talked incessantly about to you gracious beautiful you but i think about it because it s coming close to the point where i no longer have a hand in the words anymore the point where my hands are off and yours are on,1
i feel a bit more confident about my kicking in karate and my diagonal cuts in kendo though much work remains,1
i am this thing i have these feelings and i m not afraid to express them and to stand up for what i believe in,4
i feel funny things happening to my face and all over my body,5
i feel it was very rude to put a camera that close to anybody s face in any situation,3
i do not believe guns are the solution to feeling afraid,4
i also have learned that feelings cant hurt me unless i hold on to them,0
i feel so damn curious with what this blond doctor plan to do this night,5
i dont know if i feel this way because i live in la and id rather be somewhere else or if its because im stressed about money work or if im just in need of a hug,0
im feeling indecisive about what i want to do with the rest of my life,4
i feel like my fish might be moderately more intelligent than most fish as ive noticed they have a tendency to go to the corner of the tank closest to the container of fish food and just stare at it,1
i invest in my friendships i feel hurt when i perceive that this investment is not returned,0
i usually love being home im starting to feel anxious about all of this,4
ive been feeling sentimental and i got these two faux diamond rings,0
i am feeling resentful it is my choice and i can choose to do things differently next time or even change my choice now,3
i want her to feel worthwhile because she is,1
i feel threatened because she attacked me in the arena,4
i no longer have that angst inside me the kind of yelping passion and feeling of being wronged or what have you that drove my initial connection to emo,3
i how he is feeling about the fight i m disappointed and kind of disgusted with myself,0
i feel so spiteful towards people sometimes just the way they look makes me want to hurt them,3
i often feel that everything around me is so vain and purposeless,0
i guess i should feel appreciative of that,1
i feel a despairing sadness because after so much time working on this we have to cut ties,0
i was feeling so ungrateful earlier this week,0
i still feel constantly paranoid and anxious i keep wanting to go on facebook to check he hasn t been back on there i keep wanting to go through the texts on his phone i feel edgy when he s at work and want him to come straight home to me,4
i feel so petty getting all worked up about all this stuff but thats not really whats made me the way i am,3
i feel rich indeed,1
i am also in an exciting space i have to admit i am feeling curiously excitedly optimistic about the future,1
i feel simultaneously superior and inferior to each other writer and i wish i could take back some off the things i said,1
i was angry at myself for feeling drained and exhausted especially since i had to go to my second and third jobs and wouldnt be home until much later that evening,0
i feel respected and secure where i can journey toward loving and be loved in return,1
i also feel strongly about supporting the local economy so for the past years i am proud to have driven gm cars in a gm community,1
i never got that i m too full feeling except for the couple times i ate sweet potatoes and trust me i was eating a lot,2
im feeling jolly by a href http www,1
im not down how do you feel about yourself train in vain describe your ex girlfriend boyfriend cool confusion describe your current girlfriend boyfriend whats my name,0
i spent two hours working on my crochet gift for you but i still feel restless and slightly sad,4
i hope to make blood clots feel unwelcome in my body in any way possible as one of my new years resolutions,0
i feel so vain when i look at myself and notice how much i like my nose or how nice my face structure is,0
im starting to feel a bit jaded,0
i feel kinda apprehensive,4
i feel more self assured but more than that i feel whole,1
i feel so impatient and sometimes i feel thankful that god gave me more time for the moulding of my heart,3
i get some exercise and feel like im doing something worthwhile in the meantime,1
i want to not feel angry because i haven t the right to feel that way,3
i feel restless and move walking a long way to find another right place,4
i have that spring fling feeling again and like a flower unfurling my artistic soul is ready for some sunshine,1
i always feel a little ashamed of my american history knowledge so i like to learn more when i can,0
i did not feel any passionate joy,1
i sometimes feel quite isolated as we live in a regional area so i often think,0
i am also posting this because i am trying to work on the writing i want my students to feel passionate about,1
i feel welcomed and times id just really walk away because i feel as if they dont want me there,1
i feel humiliated when i am forced to make decisions i do not want to make simply to please my parents,0
i feel for the natives who welcomed me and others with open arms and hearts back then and wonder how they cope,1
i feel empty and dim if i miss that,0
i feel as though it is worthwhile and career wise,1
i feel the vile rising in my throat flipping up the lid on the toilet to let it out,3
i zapper controls seemed to feel the most user friendly and you could easily access everything with them,1
i feel very privileged you did and i hope you stay awhile and comment if you want to,1
i hi tech color club holiday splendor sally hansen cha ching kiss silver glitter i was feeling a little festive tonight so i decided to,1
i can feel you moving everyday now and its kind of weird to not be able to call you by name,4
i do feel alittle submissive it isnt the same,0
i still dont know what to make of it all but somehow i feel even more assured that what i teach works,1
